row,timestamp,prediction,score,reasons,move_count,click_count,left_click_count,right_click_count,scroll_count,event_rate,path_length,displacement,straightness,speed_mean,speed_std,speed_max,acceleration_mean,acceleration_std,acceleration_max,direction_change_mean,direction_change_std,click_interval_mean,click_interval_std,click_hold_mean,click_hold_std,double_click_count,scroll_abs_total,scroll_abs_mean,scroll_interval_mean,scroll_interval_std
1,2026-05-30 21:18:22,normal,0.12424307512351596,,211,1,1,0,15,24.978840289646534,997.3171282899791,154.80633061990713,0.1552227734074329,586.3625182413034,606.3572468034746,2789.643035818185,13816.464157227869,13342.571670061665,64348.88610585521,16.030742799159384,24.19974971075947,0.0,0.0,0.0957481861114502,0.0,0.0,15.0,1.0,0.5845305749348232,1.1578599172190183
2,2026-05-30 21:18:26,normal,0.13058497420363596,,299,2,2,0,11,31.400268762027874,3211.3177299424656,543.3313905895737,0.16919266054664361,1342.464078785041,1247.0964293137567,6021.761781801061,25503.669874847925,26883.634494074442,192183.92155014182,9.061695169743345,17.815136381235895,2.1354482173919678,0.0,0.10440564155578613,0.008657455444335938,0,11.0,1.0,0.2703984498977661,0.21907810374606387
3,2026-05-30 21:18:30,normal,0.0998875193023055,,297,2,2,0,21,32.9658776485924,3348.3704868645427,719.2781103300725,0.21481437408188775,1412.1300926423671,1211.42084563154,6021.761781801061,27281.498588134156,27384.401107059384,192183.92155014182,8.321759912358923,15.451503422162022,2.1354482173919678,0.0,0.10440564155578613,0.008657455444335938,0,21.0,1.0,0.4451983094215393,1.2836328670844894
4,2026-05-30 21:18:34,normal,0.1161052106792212,,160,0,0,0,20,18.78117674007459,1511.146565653324,835.0568842899266,0.552598208055948,1188.4591469833479,1254.1006550244563,6021.761781801061,25656.056145068247,28441.950866686744,192183.92155014182,10.638153317518459,17.951105188540634,0.0,0.0,0.0,0.0,0.0,20.0,1.0,0.3608471468875283,0.9761392952468567
5,2026-05-30 21:18:38,normal,0.07297003016549908,,187,1,1,0,20,24.620962800056645,1537.8991385662478,1020.1298936900143,0.6633269166410098,1051.928777084267,1547.0501187084187,6517.5461169557175,50267.59435950286,341434.45914557634,4649097.177554812,16.573706512217544,29.14162486240127,0.0,0.0,0.08029007911682129,0.0,0.0,20.0,1.0,0.3608471468875283,0.9761392952468567
6,2026-05-30 21:18:42,normal,0.0856575341100726,,168,1,1,0,5,18.184357314225736,1498.4676760346201,975.7233214390235,0.651147393463348,1141.5660940401435,1607.5660622044256,6517.5461169557175,53966.38077499351,360192.87028020946,4649097.177554812,18.132459211321013,34.29504277816177,0.0,0.0,0.08029007911682129,0.0,0.0,5.0,1.0,0.04574418067932129,0.016504372840216254
7,2026-05-30 21:18:50,normal,0.056460969546451245,direction_change_std: 49.9961,12,0,0,0,0,1.4018166146343192,12.414213562373096,7.810249675906654,0.6291376925864364,126.57004250344006,78.94000353702265,258.0078122597115,10258.728261696475,9957.257383465878,33284.01559352127,28.125,49.99609359740019,0.0,0.0,0.0,0.0,0.0,0.0,0.0,0.0,0.0
8,2026-05-30 21:19:03,normal,0.13639097794051153,,177,1,1,0,9,46.816103289189094,1843.846143230259,1013.87030728787,0.5498670868013189,1304.3278903172434,1269.6738583619183,5780.173390127788,26455.245257010418,27281.583795222363,135436.8284279734,11.064209748072543,18.88147121508327,0.0,0.0,0.07994937896728516,0.0,0.0,9.0,1.0,0.14588963985443115,0.2136816770579918
9,2026-05-30 21:19:07,normal,0.10825061272396663,,323,2,2,0,19,42.484752519583225,3221.1252395593224,772.7884574707363,0.2399125771267622,1242.7085517532394,1296.522823663051,6695.799747724817,37428.770521673214,203302.1109530973,3587519.0698717516,12.35720369507148,22.867732129307477,3.6877169609069824,0.0,0.08392214775085449,0.003972768783569336,0,19.0,1.0,0.39285948541429305,0.8745269502538489
10,2026-05-30 21:19:11,anomaly,-0.06406563052490166,"path_length: 25782.2497, speed_mean: 7091.4242, speed_std: 8785.9409, speed_max: 51801.3233, acceleration_mean: 264427.3188",456,1,1,0,17,47.69011102326395,25782.249669810415,476.5133786159629,0.01848222652090495,7091.424242855455,8785.940901310143,51801.323290311884,264427.31881363824,435997.96927279595,4263251.282949422,15.419981761549645,27.158902804043443,0.0,0.0,0.08789491653442383,0.0,0.0,17.0,1.0,0.4530032128095627,0.9282840980681616
11,2026-05-30 21:19:15,anomaly,-0.0913459674300594,"path_length: 24327.5412, speed_mean: 7462.7910, speed_std: 9217.5582, speed_max: 51801.3233, acceleration_mean: 277871.7617",409,0,0,0,16,42.70310503059754,24327.541217987524,329.3281038721111,0.013537253967474914,7462.790968959152,9217.558221834655,51801.323290311884,277871.76170005207,423856.15422782616,4263251.282949422,18.224039835119548,27.927912652271907,0.0,0.0,0.0,0.0,0.0,16.0,1.0,0.5466469923655192,1.4428684632553463
12,2026-05-30 21:19:19,anomaly,-0.07423215354186152,"path_length: 25503.4455, speed_mean: 6162.7899, speed_std: 8561.2500, speed_max: 51801.3233, acceleration_mean: 224223.9414",519,0,0,0,13,57.22781923221917,25503.445547368763,151.43315356948756,0.005937752735732258,6162.78989488442,8561.250000207745,51801.323290311884,224223.9414236909,390051.7725942838,4263251.282949422,15.703247595242113,25.257604458494445,0.0,0.0,0.0,0.0,0.0,13.0,1.0,0.22204307715098062,0.274504203812745
13,2026-05-30 21:19:27,normal,0.1288907669193593,,178,0,0,0,4,18.30286652387795,1322.0760019637019,279.32955446926843,0.21128101111764794,929.9087352880384,786.6975869291708,2898.3432313419075,20774.553715389993,19391.444921770842,92681.90002368316,11.284214453812366,19.363042277452408,0.0,0.0,0.0,0.0,0.0,4.0,1.0,0.08204515775044759,0.037488198393004955
14,2026-05-30 21:19:31,normal,0.12597854801905622,,207,0,0,0,7,33.52218052941663,1262.9592932789506,152.6106156202772,0.12083573590409458,760.5548252808015,694.3103284053982,2820.784667810516,19228.830542518404,17429.795157167413,92681.89820487393,11.022464272325427,17.335111519117042,0.0,0.0,0.0,0.0,0.0,7.0,1.0,0.1301736036936442,0.15751216640637047
15,2026-05-30 21:19:35,normal,0.12233704625637404,,249,0,0,0,18,26.72023238802937,1515.8066592486493,166.39711535961192,0.1097746301247226,758.9217400596401,684.6398494993653,2820.784667810516,18948.103972211098,17156.993533602097,92681.89820487393,11.126652204505666,17.909305909925845,0.0,0.0,0.0,0.0,0.0,18.0,1.0,0.34239983558654785,0.5370508512223731
16,2026-05-30 21:19:39,normal,0.12510646668806263,,245,0,0,0,19,35.793053195580846,1572.718476488685,179.27911200137063,0.11399313652220609,801.3675755433931,691.6295590379754,2820.784667810516,19179.944089867153,17274.782182462837,92681.89820487393,12.85148144149173,19.556586453213484,0.0,0.0,0.0,0.0,0.0,19.0,1.0,0.36547887325286865,0.5305233229419242
17,2026-05-30 21:19:48,anomaly,-0.012639171138199679,"event_rate: 131.9188, straightness: 0.9963, speed_mean: 4783.7839",20,0,0,0,0,131.91875349902185,725.7469919463491,723.0297365945609,0.9962559192363981,4783.78390892082,1698.2762202672516,6885.1084083676715,74351.27868914115,64059.75921293742,205200.40084156583,3.107206807025183,4.235605815115725,0.0,0.0,0.0,0.0,0.0,0.0,0.0,0.0,0.0
18,2026-05-30 21:19:52,normal,0.09855589945750104,,131,2,2,0,0,82.35492503305579,2174.0076100269853,1023.078198379772,0.4705955000622435,1925.2113538517322,1922.9022681259505,8470.39882402532,57191.03225297664,152883.70335704676,1378680.0489546475,13.227757777693622,25.767151000529847,0.6464686393737793,0.0,0.06716012954711914,0.00469970703125,0,0.0,0.0,0.0,0.0
19,2026-05-30 21:19:56,normal,0.083814347277129,speed_mean: 2267.4132,196,2,2,0,5,24.017484115900146,3711.062699123904,487.19811165479695,0.1312826408914657,2267.4132110289547,2307.2604523910554,10281.090149795733,55746.21906284886,127968.35241905996,1378680.0489546475,10.005159616955213,22.68976906062106,0.6464686393737793,0.0,0.06716012954711914,0.00469970703125,0,5.0,1.0,0.02231729030609131,0.006942187516585159
20,2026-05-30 21:20:00,normal,0.026623299049199856,"speed_std: 2765.4935, speed_max: 26630.5799, acceleration_mean: 132443.7693, acceleration_std: 981835.8620",273,1,1,0,12,56.497280913594636,3368.992726694692,1061.6449500656988,0.3151223633264638,1598.097095077236,2765.4935377801567,26630.579873148436,132443.76927732554,981835.8619678577,11762504.159872951,11.771797802665745,20.862652332463423,0.0,0.0,0.07240033149719238,0.0,0.0,12.0,1.0,0.39852081645618787,1.049194778098594
21,2026-05-30 21:20:04,normal,0.016555076045401018,"speed_max: 26630.5799, acceleration_mean: 106470.7673, acceleration_std: 866570.6580",351,3,2,1,16,43.17154356411161,3783.211022528937,1066.6363016511298,0.2819394147720903,1388.7424331833345,2479.2408450721127,26630.579873148436,106470.76734661627,866570.6579933562,11762504.159872951,11.159334665626332,19.37465876822083,1.9395900964736938,1.4436084032058716,0.06419070561726888,0.006630364365818414,0,16.0,1.0,0.5498394330342611,1.2602393531838803
22,2026-05-30 21:20:08,normal,0.07830835475008963,click_interval_std: 3.2160,301,3,2,1,11,31.852584851571976,2160.859933715226,745.1509914104657,0.3448400240034564,895.245575944563,906.4218693239237,4258.176649746193,18171.9367261058,17931.09845968975,124731.37907153144,12.943182047654265,22.075140642146565,3.7120068073272705,3.2160251140594482,0.06946746508280437,0.013648829791543818,0,11.0,1.0,0.44554383754730226,1.1251342895677128
23,2026-05-30 21:20:12,normal,0.062136375424816315,scroll_interval_std: 2.6664,397,4,4,0,9,50.048281881361916,4792.146338385898,334.32020579079574,0.06976418961016166,1519.6462359227678,1688.843919601991,10855.63581682133,41877.90528957994,269463.53050597216,5115826.233473492,12.314390812707902,23.09881901984955,1.1201857725779216,0.4132436652649411,0.09044629335403442,0.007054738875573175,0,9.0,1.0,1.0340015292167664,2.666358284161968
24,2026-05-30 21:20:16,normal,0.11368319123298459,,589,4,4,0,13,63.48884417679833,5632.396030247069,271.42586464815764,0.048190124272254234,1200.2864092461255,1477.9407999352577,10855.63581682133,33248.42656155852,221551.50898258606,5115826.233473492,11.510883678183223,20.974465220986968,1.1201857725779216,0.4132436652649411,0.09044629335403442,0.007054738875573175,0,13.0,1.0,0.19264179468154907,0.3380257805881082
25,2026-05-30 21:20:20,normal,0.07651456361153247,move_count: 714.0000,714,1,1,0,18,73.56126679737646,5387.093510014343,1083.362358585529,0.2011033141659062,938.4155646108204,1186.9094273481962,7422.135095791038,27653.72660412855,35956.63203392175,512231.8685913356,14.323958424183052,21.113009842388923,0.0,0.0,0.09555411338806152,0.0,0.0,18.0,1.0,0.48421569431529327,1.261958401630615
26,2026-05-30 21:20:24,normal,0.08447341560252392,,574,0,0,0,12,66.89494082854168,2930.044895407285,170.42593699317015,0.05816495756099343,635.8096896873296,769.3365483843033,6062.195443005591,34632.880752603014,183817.89164079225,4336055.938721576,18.3874647772002,23.912955080960067,0.0,0.0,0.0,0.0,0.0,12.0,1.0,0.44725086472251196,0.9181512215840876
27,2026-05-30 21:20:28,normal,0.06861192904229774,,698,0,0,0,12,71.05387268555816,4851.070853886413,438.22026425075325,0.09033474823392347,868.5428673355617,1054.9530741760148,7441.441607360718,43583.363488419185,168260.32456183454,4336055.938721576,18.825913691524935,25.03169087680748,0.0,0.0,0.0,0.0,0.0,12.0,1.0,0.44725086472251196,0.9181512215840876
28,2026-05-30 21:20:32,anomaly,-0.1058410259759952,"move_count: 845.0000, path_length: 6880.2973, speed_max: 49288.8776, acceleration_mean: 134119.1951, acceleration_std: 2097570.2651, acceleration_max: 58714846.0802",845,0,0,0,17,93.85310317424243,6880.297263332478,230.7834482799839,0.03354265658112041,1064.7395671553136,2030.6419014036305,49288.87762244994,134119.19505996487,2097570.2651335406,58714846.080201216,17.394254419617944,24.445257880665952,0.0,0.0,0.0,0.0,0.0,17.0,1.0,0.5635304152965546,1.204569184584659
29,2026-05-30 21:20:36,anomaly,-0.07648715685289287,"speed_max: 49288.8776, acceleration_mean: 175718.1482, acceleration_std: 2549602.8335, acceleration_max: 58714846.0802",572,0,0,0,18,59.04469136755098,4261.750853845626,563.2139913034831,0.1321555413769114,1000.5523688113494,2285.1901170610668,49288.87762244994,175718.14817560554,2549602.8335146965,58714846.080201216,18.982394989116187,26.366520114883894,0.0,0.0,0.0,0.0,0.0,18.0,1.0,0.42766136281630573,0.7667245650811968
30,2026-05-30 21:20:41,anomaly,-0.03231906771651505,"path_length: 8063.7101, speed_mean: 2877.3205, speed_std: 4700.0123, speed_max: 31007.8549, acceleration_mean: 125458.0529",350,0,0,0,24,37.401169036212124,8063.7101259212395,663.134978718511,0.08223695648319837,2877.320534423536,4700.012268087315,31007.854915918575,125458.05288980895,210648.380435119,1457580.5259044494,19.0030597252793,28.71581724052656,0.0,0.0,0.0,0.0,0.0,24.0,1.0,0.3306996822357178,0.6584490504160446
31,2026-05-30 21:20:45,anomaly,-0.07406880611470268,"move_count: 708.0000, path_length: 25782.9629, speed_mean: 4572.1388, speed_std: 4822.3008, speed_max: 31007.8549, acceleration_mean: 204974.6332",708,0,0,0,16,76.56815668509289,25782.962929380952,443.1895756896816,0.01718924147327712,4572.138829045104,4822.30082573193,31007.854915918575,204974.63318531035,373840.68434680114,8328689.969620533,19.05911056758353,29.657585229585777,0.0,0.0,0.0,0.0,0.0,16.0,1.0,0.21759591102600098,0.3396532624510282
32,2026-05-30 21:20:49,anomaly,-0.17561800583934428,"move_count: 779.0000, path_length: 28291.5894, speed_mean: 4805.1141, speed_std: 8926.6412, speed_max: 214723.0952, acceleration_mean: 633936.8164, acceleration_std: 9855262.3874, acceleration_max: 267257662.7630",779,0,0,0,3,84.49443779111294,28291.589406586478,63.324560795950255,0.0022382821935485837,4805.11409193714,8926.641154429504,214723.09521670302,633936.8164479457,9855262.387431009,267257662.7630275,18.909843009332874,29.690735477139754,0.0,0.0,0.0,0.0,0.0,3.0,1.0,0.3877604007720947,0.3560209274291992
33,2026-05-30 21:20:53,anomaly,-0.16056164294260244,"path_length: 19967.6477, speed_mean: 4106.6015, speed_std: 9225.6289, speed_max: 214723.0952, acceleration_mean: 668226.0008, acceleration_std: 10744808.0584, acceleration_max: 267257662.7630",655,0,0,0,12,66.70047071789104,19967.647739179607,120.33287165193059,0.00602639195280969,4106.601504878161,9225.628889468224,214723.09521670302,668226.0008082238,10744808.058362382,267257662.7630275,17.66633282961015,28.478822361392087,0.0,0.0,0.0,0.0,0.0,12.0,1.0,0.26031682708046655,0.4113265097729546
34,2026-05-30 21:20:57,normal,0.09540075487611216,,163,0,0,0,14,17.700332964961753,1461.4110868483865,380.888435109285,0.2606305908973853,1118.2022998784719,2538.570180188823,16247.598595871032,43101.669386081034,87487.83419234554,634507.0699711019,15.284164245687176,26.481921536300348,0.0,0.0,0.0,0.0,0.0,14.0,1.0,0.44308022352365345,0.7841666596109481
35,2026-05-30 21:21:01,normal,0.12551715795836338,,216,2,2,0,5,23.031703863310565,1169.4400697036078,512.6499780552028,0.43837216744688157,669.9271814131365,1201.9428485338176,6183.402909693251,16995.516276440623,25269.417821340536,240419.95840326534,17.797582975404055,25.650646398552965,0.984442949295044,0.0,0.06332170963287354,0.008281350135803223,0,5.0,1.0,0.7461490035057068,1.1955448240035966
36,2026-05-30 21:21:05,normal,0.12994387532738555,,331,3,3,0,17,35.57030359545999,2541.821763468228,180.00555546982432,0.07081753648383786,956.1705304813968,1245.3340026058077,6183.402909693251,22121.396528842994,26984.799928059594,240419.95840326534,12.414863457950826,19.799205496748268,1.7080047130584717,0.7235617637634277,0.06609098116556804,0.007813976987302709,0,17.0,1.0,0.11698910593986511,0.20316469939038245
37,2026-05-30 21:21:09,normal,0.06989910920124032,"scroll_count: 41.0000, click_interval_std: 1.8536, scroll_abs_total: 41.0000",393,5,5,0,41,44.79498430755985,2900.7837613477327,164.40194646049662,0.05667500923409536,920.7867700698912,1081.0198946274115,5374.128121432583,21544.91174025249,23485.532550741216,139859.36330499034,12.477230882500503,19.320380546959,2.4599300622940063,1.853618050469234,0.0667262077331543,0.0067135212735314476,0,41.0,1.0,0.10580039024353027,0.18385269360601886
38,2026-05-30 22:44:00,normal,0.12054277205738412,,288,2,2,0,0,93.23931633398972,2201.631545369925,860.3144773860312,0.3907622413910673,954.7521061314528,1245.774373095723,5911.081286710363,21916.34320231808,27104.34607055486,212353.96341777805,10.000512940368417,15.336973792917886,2.2242259979248047,0.0,0.07987499237060547,0.0,0,0.0,0.0,0.0,0.0
39,2026-05-30 22:44:04,normal,0.10676531953056817,,610,4,4,0,6,88.49581117905328,3952.0680242838916,322.07607796916557,0.08149558053913437,805.958106235329,1095.563010071749,5911.081286710363,19204.226763456816,23270.47861334646,212353.96341777805,10.555572795978158,16.7198416779873,1.824346621831258,0.3059134876591027,0.07428336143493652,0.0073495721824921,0,6.0,1.0,0.009637784957885743,0.003197939365359067
40,2026-05-30 22:44:08,normal,0.04396581986998255,"move_count: 743.0000, click_hold_std: 0.3390",743,4,4,0,28,77.95919934509138,5226.2520402610735,176.30087918101827,0.03373371162027067,876.6417012106796,1200.8508219945795,6932.04830571433,19893.690127045236,23245.318193732917,147661.72269607283,10.934646908231684,17.267697254389052,2.298554261525472,0.9605105638252511,0.27035337686538696,0.33898573410011057,0,28.0,1.0,0.11613469653659397,0.3851145917827085
41,2026-05-30 22:44:12,normal,0.0310948626144133,click_hold_std: 0.3436,689,4,4,0,32,72.956444087282,5795.9763069689125,831.0024067353836,0.14337574253645768,1039.5810068486105,1231.0432581416262,6932.04830571433,22153.78842300715,27721.98232062378,303085.2292150278,9.822831791726163,15.875639449396665,2.49542244275411,0.8217531838410606,0.2626456022262573,0.343569711309897,0,32.0,1.0,0.31485725218249905,1.1959277710064475
42,2026-05-30 22:44:16,normal,0.12168066461280957,,615,4,4,0,10,63.40294446757284,5657.506252115214,585.1034096636251,0.10342072701110461,1134.7289945581686,1304.2308148676243,6932.04830571433,21995.894317137674,27836.033016693258,303085.2292150278,12.573960577621248,19.629370667511854,1.815858284632365,0.18427387207696083,0.07024216651916504,0.015459388605920438,0,10.0,1.0,0.33772296375698513,0.5563020051997063
43,2026-05-30 22:44:20,normal,0.12444541359580247,,558,2,2,0,15,57.7010634165292,4330.967511979984,300.50790339024365,0.06938585952422921,962.0803971649852,1133.9477788869074,5291.117417389492,19146.056257938526,20778.255594408758,137170.20008794212,12.398003546731971,20.78667996825264,1.608156442642212,0.0,0.06788432598114014,0.019883275032043457,0,15.0,1.0,0.3965456485748291,0.6113766138723824
44,2026-05-30 22:44:24,normal,0.1327173922730001,,456,1,1,0,15,47.30026839885423,2798.25710388519,382.23683757586736,0.13659818357832718,757.4325750905355,970.7439786610591,5097.472046137468,17041.55300441592,19108.19303032545,134368.5992846845,13.839779165764787,22.192876570041665,0.0,0.0,0.0877676010131836,0.0,0.0,15.0,1.0,0.3965456485748291,0.6113766138723824
45,2026-05-30 22:44:28,anomaly,-0.030773530624579992,"path_length: 15604.8140, speed_mean: 5482.5066, speed_std: 6598.1437, speed_max: 29416.9385, acceleration_mean: 180612.2580",357,0,0,0,5,36.22686069347158,15604.814048759186,678.1246198155616,0.04345611666352939,5482.50655578099,6598.143675870613,29416.938513870395,180612.25804634584,237665.762650367,1109830.2377217012,15.573796284420913,22.621735104945575,0.0,0.0,0.0,0.0,0.0,5.0,1.0,0.17200952768325806,0.21035078739595892
46,2026-05-30 22:44:32,anomaly,-0.05687550064934255,"path_length: 15072.8639, speed_mean: 9073.5843, speed_std: 6583.3207, speed_max: 29416.9385, acceleration_mean: 300524.0421",209,0,0,0,3,21.336044816056514,15072.863874154871,487.46794766425415,0.032340764949128575,9073.584342435854,6583.320654029521,29416.938513870395,300524.04205796745,249535.45290841765,1109830.2377217012,17.09983807452404,22.438606319136507,0.0,0.0,0.0,0.0,0.0,3.0,1.0,0.03586244583129883,0.004079580307006836
47,2026-05-30 22:44:36,normal,0.12303117852603046,,201,2,2,0,3,20.817418061958943,1967.4047314100778,653.1194377753582,0.3319700452825762,1226.4811774282966,1108.140512277936,4851.7799178486575,23493.9058642576,23427.890978635634,161372.87896474026,7.405765376343391,14.079061974192978,1.407515287399292,0.0,0.05965125560760498,0.020223498344421387,0,3.0,1.0,0.03586244583129883,0.004079580307006836
48,2026-05-30 22:44:40,normal,0.11038681687581137,scroll_interval_std: 1.6790,342,3,3,0,13,36.68615396826789,2827.648071154571,1181.853628839037,0.4179634802843299,1031.5930372056266,1059.76436581747,4851.7799178486575,20352.822703627233,20888.037890344498,161372.87896474026,11.146393440258523,19.902278862115505,2.6921095848083496,1.2845942974090576,0.0634298324584961,0.017355552701101843,0,13.0,1.0,0.5779853065808614,1.6789831210783035
49,2026-05-30 22:44:44,normal,0.1127053557515964,,400,4,4,0,10,42.47798209780412,3012.3808883334177,1287.5503873635394,0.427419518013165,937.0914432773068,1024.2653630675586,4851.7799178486575,28747.664709085533,137202.2696579178,2426243.6677881805,11.43177313556261,19.272208653671413,2.8639725844065347,1.0766593954847954,0.06551367044448853,0.015457637252379083,0,10.0,1.0,0.08269980218675402,0.18870853681886987
50,2026-05-30 22:44:48,normal,0.11878058747579234,,386,2,2,0,0,39.21959793367217,2792.9131034178235,158.01265772082945,0.05657628858107389,896.9885753303896,1126.566488555352,4669.897439034695,27848.340717049443,139748.6552442068,2426243.6677881805,14.766703458318862,23.044449546409837,3.2076985836029053,0.0,0.07137608528137207,0.00038909912109375,0,0.0,0.0,0.0,0.0
51,2026-05-30 22:45:05,normal,0.08434917485979976,,22,0,0,0,0,23.10998687904301,121.66184685107572,105.62196741208714,0.8681601516486699,712.7473890562059,616.5434576628095,1821.5276746524992,21188.4647412977,25012.407006180292,113576.55492707014,18.088522226463212,22.236524030442297,0.0,0.0,0.0,0.0,0.0,0.0,0.0,0.0,0.0
52,2026-05-30 22:45:09,normal,0.11690610364001691,,175,1,1,0,0,32.542609780652285,988.2798604075571,797.6979378185705,0.8071579415668833,700.6280198657724,669.9298582612922,2520.3450259325627,14726.645617424672,16242.954251444766,113576.55492707014,12.643728399816068,20.77831014275485,0.0,0.0,0.0,0.0,0.0,0.0,0.0,0.0,0.0
53,2026-05-30 22:45:13,normal,0.1430143421243344,,306,1,1,0,3,32.74967209618773,2396.232305063626,496.9688118986945,0.20739592352899974,975.6638356462781,963.5887022968434,4144.938162801921,17145.300814963168,17190.48479035354,114278.65828688377,10.541076232825567,18.193830501640715,0.0,0.0,0.13709616661071777,0.0,0.0,3.0,1.0,0.04409909248352051,0.0037817955017089844
54,2026-05-30 22:45:17,normal,0.13144322381678553,,287,1,1,0,9,32.14157796999882,2668.4704804753806,916.9171173012313,0.343611489806657,1160.5839227625286,1109.2113019486399,5000.710324355469,20957.09365876741,22730.340851411223,159203.94247173925,10.628865666701046,19.30551906209251,0.0,0.0,0.13709616661071777,0.0,0.0,9.0,1.0,0.5619687736034393,1.0006309019988908
55,2026-05-30 22:45:21,normal,0.06376803044832818,"speed_max: 19833.5962, acceleration_mean: 88986.2805, acceleration_std: 966887.3281",314,1,1,0,9,32.52580007000754,2694.335446838228,991.8971720899299,0.368141677850065,1105.6107469604658,1527.0843599630643,19833.59621935152,88986.2804791319,966887.3280644226,16289743.931421403,10.767421647335954,19.99746415414899,0.0,0.0,0.13709616661071777,0.0,0.0,9.0,1.0,0.5619687736034393,1.0006309019988908
56,2026-05-30 22:45:37,normal,0.053097033072694144,"event_rate: 126.0313, straightness: 0.9923",124,0,0,0,0,126.03125787553456,1134.3971294824228,1125.705556528882,0.9923381567815617,1154.2130081462112,871.0626321513575,3549.5846843678264,19157.231726577425,17465.336479398866,109927.38319613089,4.537619390337345,6.172143581081079,0.0,0.0,0.0,0.0,0.0,0.0,0.0,0.0,0.0
57,2026-05-30 22:45:41,normal,0.06028937754390734,straightness: 0.9443,154,2,2,0,0,20.809832866936024,1222.0937324766046,1154.0017331009517,0.9442825066800214,998.869760397482,843.9119958203968,3549.5846843678264,17690.308420157362,16610.58323053801,109927.38319613089,6.136283595421018,9.157715373668422,3.432398557662964,0.0,0.11603450775146484,0.027920246124267578,0,0.0,0.0,0.0,0.0
58,2026-05-30 22:45:45,normal,0.07752844030774847,displacement: 1720.0270,174,3,3,0,11,26.914857402455354,2026.0169986979126,1720.0270346712578,0.8489696956030924,1463.4282992734898,1773.3071621165466,5836.621757598669,31190.880564582345,51911.97956760484,563143.4707607228,11.693892711229676,21.654031804378313,2.344334363937378,1.088064193725586,0.1039126714070638,0.02852317061292456,0,11.0,1.0,0.11684591770172119,0.17994942407992182
59,2026-05-30 22:45:49,normal,0.11223078824635324,click_interval_std: 1.9717,427,3,3,0,17,51.79699606881253,4753.281484701759,562.5415540206785,0.11834804141753343,1391.6393731780752,1686.4867723988732,6807.182936390848,25248.97224280428,38240.412899678464,563143.4707607228,12.325989449458874,21.333634553489077,3.227975845336914,1.971705675125122,0.08018255233764648,0.006277068931721385,0,17.0,1.0,0.1339920163154602,0.24526157765936854
60,2026-05-30 22:45:53,normal,0.1347766842863451,,426,2,2,0,12,46.080917707755916,4061.5133701447253,855.472384124701,0.21062897155850496,1188.9176390113018,1394.9903939752146,6807.182936390848,21830.249990353546,34443.85017409812,563143.4707607228,13.03514546998445,23.25882279165517,3.656743288040161,0.0,0.06406009197235107,0.008704304695129395,0,12.0,1.0,0.14396606792103162,0.27028824306944116
61,2026-05-30 22:45:57,normal,0.13426836052260432,,431,1,1,0,0,44.476258759996654,2986.5869812681294,99.24716620639605,0.033230964585620366,861.3832399873567,1011.9656717228125,5164.715340566608,16371.11778678817,17254.948969111603,103134.35644385297,14.715878888928305,23.87754971816904,0.0,0.0,0.05535578727722168,0.0,0.0,0.0,0.0,0.0,0.0
62,2026-05-30 22:46:01,normal,0.1039398487826369,click_interval_mean: 6.7748,346,2,2,0,8,35.99950122991515,2830.426478952877,167.88686666919483,0.05931504242120607,1015.6640546786884,1181.4845624437307,5164.715340566608,19594.77808129488,22737.060587736138,216496.3931141243,14.373412057790159,24.470273773827856,6.774787902832031,0.0,0.06767439842224121,0.012318611145019531,0,8.0,1.0,0.2617954526628767,0.31466439876751623
63,2026-05-30 22:46:29,normal,0.031333007276308056,"event_rate: 132.2894, straightness: 0.9986",19,0,0,0,0,132.28936678812425,238.3089113238684,237.96848530845423,0.9985714927170662,1655.8737649365264,656.9294707173625,2647.0272482015944,39221.286269887896,26389.09039455882,91127.69661188776,3.9464993831821733,3.020311939413876,0.0,0.0,0.0,0.0,0.0,0.0,0.0,0.0,0.0
64,2026-05-30 22:46:34,normal,0.12756468951454486,,222,2,2,0,6,65.16755402577078,1565.2160480016562,608.1060762728819,0.38851254882625536,889.8355272977831,1469.5688397136555,7146.145376737025,35888.00214533925,172314.6091790075,2394499.3010168388,12.802553724449838,18.998203503141575,1.2242534160614014,0.0,0.07988560199737549,0.00012362003326416016,0,6.0,1.0,0.10848608016967773,0.18646372918503984
65,2026-05-30 22:46:38,normal,0.049723289346629784,"acceleration_mean: 82544.1886, acceleration_std: 966687.2552, acceleration_max: 19885965.1692",441,4,4,0,11,61.63100193813542,3607.8484733962046,1178.2512465514305,0.3265800255303677,1058.7207039137538,1892.362249890703,16376.644703196178,82544.18862589318,966687.2551515471,19885965.169212896,15.870891856197469,27.736199987228606,0.9199086825052897,0.38595712645599745,0.07628828287124634,0.012005769922288061,0,11.0,1.0,0.5637789964675903,1.4769930000276341
66,2026-05-30 22:46:42,anomaly,-0.06172983939922616,"path_length: 6592.0698, speed_mean: 2515.4339, speed_std: 8779.4569, speed_max: 101318.9114, acceleration_mean: 176696.4034, acceleration_std: 1241999.1064, acceleration_max: 19885965.1692",334,4,4,0,5,34.70045254582268,6592.069817405268,391.637587573001,0.059410412574658546,2515.4338821909773,8779.456910292853,101318.91142634097,176696.40336039235,1241999.1064000945,19885965.169212896,16.87011248280136,30.69198960285962,0.9199086825052897,0.38595712645599745,0.07628828287124634,0.012005769922288061,0,5.0,1.0,0.02994680404663086,0.015440203409929586
67,2026-05-30 22:46:46,anomaly,-0.05211856016991523,"path_length: 6585.5551, speed_mean: 2510.4944, speed_std: 8780.7582, speed_max: 101318.9114, acceleration_mean: 176515.9730, acceleration_std: 1242023.4363, acceleration_max: 19885965.1692",334,3,3,0,5,35.581811419715706,6585.555098779507,374.5410524895769,0.056873118039660796,2510.49437066591,8780.758175524132,101318.91142634097,176515.97303269728,1242023.4362705273,19885965.169212896,17.373177904613147,31.780006801468087,0.7677363157272339,0.39239656925201416,0.07513038317362468,0.013668275497060563,0,5.0,1.0,0.02994680404663086,0.015440203409929586
68,2026-05-30 22:46:50,anomaly,-0.10139746229725188,"path_length: 58896.7205, speed_mean: 17682.4660, speed_std: 15245.0129, speed_max: 64807.5380, acceleration_mean: 788563.2871",417,0,0,0,0,47.734068509454,58896.72054631548,288.1405906844782,0.00489230279736694,17682.465982017085,15245.012926635694,64807.53804528045,788563.2870662941,780024.5280240291,4379006.625882312,20.165848603271762,42.16699679686077,0.0,0.0,0.0,0.0,0.0,0.0,0.0,0.0,0.0
69,2026-05-30 22:46:54,anomaly,-0.10623815433750894,"move_count: 773.0000, event_rate: 101.2211, path_length: 103582.9170, speed_mean: 16709.0170, speed_std: 13530.2432, speed_max: 64807.5380, acceleration_mean: 648162.1749",773,1,1,0,0,101.22105719955475,103582.91695519863,422.82502291136933,0.0040819957126158974,16709.017027331036,13530.243160442511,64807.53804528045,648162.1748695754,704045.1962293866,4381405.300333755,17.44741126916329,35.04217618413129,0.0,0.0,0.06393957138061523,0.0,0.0,0.0,0.0,0.0,0.0
70,2026-05-30 22:46:58,anomaly,-0.11171196449391296,"move_count: 852.0000, path_length: 104157.0737, speed_mean: 15240.8646, speed_std: 13683.8417, speed_max: 64807.5380, acceleration_mean: 589685.9630",852,1,1,0,0,92.02559991647152,104157.07370694901,119.70797801316336,0.0011493024309608348,15240.864599995195,13683.841684462213,64807.53804528045,589685.9629652589,695002.4115476136,4381405.300333755,17.28404708964765,34.32238685239815,0.0,0.0,0.06393957138061523,0.0,0.0,0.0,0.0,0.0,0.0
71,2026-05-30 22:47:02,normal,0.0347401448399714,"path_length: 7624.4068, speed_max: 19935.0942, click_interval_mean: 6.1601",494,2,2,0,10,50.836418005271064,7624.406761414851,1022.8206098822999,0.13415084502817062,1930.2866875974523,2473.1802929311198,19935.094165405793,41621.58374468045,72286.09131143377,536361.9308981685,8.92105150792539,17.21842262439755,6.160066604614258,0.0,0.06374502182006836,0.000194549560546875,0,10.0,1.0,0.22037172317504883,0.5219932196490187
72,2026-05-30 22:47:06,normal,0.10139141321905487,,438,2,2,0,19,59.044217919316964,4962.554426554296,1168.668045254939,0.23549727515359323,1413.194230599165,1897.039764059128,9912.019596706561,26597.865342939647,32152.449864339444,227336.7455433652,9.821765539317035,19.72177172777726,3.6073031425476074,0.0,0.06383180618286133,0.00028133392333984375,0,19.0,1.0,0.36975393030378556,0.9611010462985252
73,2026-05-30 22:47:10,normal,0.1154170565190678,,355,1,1,0,13,37.00002999308156,4125.738923100232,921.0499443569822,0.22324484450530171,1450.8313699393068,2128.1385067598935,9912.019596706561,27010.56876311858,32724.418452438033,227336.7455433652,9.559239783123079,17.47845032599325,0.0,0.0,0.06411314010620117,0.0,0.0,13.0,1.0,0.3986845413843791,1.0914939053314607
74,2026-05-30 22:47:14,normal,0.06145740264029714,"click_interval_mean: 7.0639, scroll_interval_std: 1.9489",339,2,2,0,11,35.714291081659695,4117.705696704366,949.6409847937272,0.2306238120790854,1509.6440466409615,2119.659133028222,9912.019596706561,28806.260784417133,33404.478529185806,227336.7455433652,7.965748263540013,14.843753749377546,7.063933372497559,0.0,0.0640723705291748,4.076957702636719e-05,0,11.0,1.0,0.7288748025894165,1.9489157622037325
75,2026-05-30 22:47:26,normal,0.11622155553645108,,198,0,0,0,0,74.12010483013299,1552.800054432515,170.7629936490925,0.10997101214779348,977.6413084959461,1250.3254363512049,5521.9148702680695,21694.398925088433,25688.95331944937,160003.05092255672,17.10916194877203,25.010394125816322,0.0,0.0,0.0,0.0,0.0,0.0,0.0,0.0,0.0
76,2026-05-30 22:47:31,normal,0.12501890993089565,,228,0,0,0,0,28.24774600989689,2101.118439780432,589.2266117547645,0.28043474399108076,1148.7151787955981,1364.9174506173879,5521.9148702680695,25050.90239560049,28104.393148135285,160003.05092255672,16.398856683536614,25.288482678212873,0.0,0.0,0.0,0.0,0.0,0.0,0.0,0.0,0.0
77,2026-05-30 22:47:35,normal,0.10438635943769525,,378,2,2,0,8,39.18796714798848,3481.511522851713,704.4948544879516,0.20235315892647066,1147.290436387585,1477.275619029894,6922.772919833893,25357.342185138914,30471.856894186447,233415.1943353737,11.92251292988258,21.415584127666502,2.800509214401245,0.0,0.23994457721710205,0.12775695323944092,0,8.0,1.0,0.33957294055393766,0.7735251338402996
78,2026-05-30 22:47:39,normal,0.03939902335594159,"click_hold_mean: 0.8665, click_hold_std: 0.8923",630,3,3,0,8,74.26707529436963,4195.176455051505,209.84756372185979,0.05002115309576017,825.5642643918519,1140.8566597320523,6922.772919833893,19449.42186192644,24051.13882963849,233415.1943353737,10.972376598106665,20.171957946441786,2.3925588130950928,0.40795040130615234,0.8665498097737631,0.8922720779011993,0,8.0,1.0,0.33957294055393766,0.7735251338402996
79,2026-05-30 22:47:43,normal,0.039779609637884406,"click_hold_mean: 1.2437, click_hold_std: 0.8760",684,3,3,0,6,69.50004639628646,2527.0048470585652,264.6148144001012,0.10471480286557935,451.21777109233363,499.5719417213021,3310.47771324536,13525.026040950075,14287.56108550845,99486.9431652593,9.894677015660113,18.622471085926165,2.6399766206741333,0.6553682088851929,1.243730902671814,0.876029372215271,0,6.0,1.0,0.011286163330078125,0.0038499439312856204
80,2026-05-30 22:47:47,anomaly,-0.001519564285844044,"click_interval_std: 2.0846, click_hold_mean: 0.7756, click_hold_std: 1.4080",685,5,5,0,11,70.70024273002036,2845.8217214050546,627.3452000294575,0.22044430798698142,510.3842696076803,596.9983089071593,3511.4740226806084,14760.328394787046,15722.390287751197,132998.45783343413,8.131832545379961,16.211389285210938,1.8321369886398315,2.0845822473699207,0.7755545139312744,1.4079680870222075,0,11.0,1.0,0.046232962608337404,0.0887287431644661
81,2026-05-30 22:47:51,normal,0.07146562599445677,left_click_count: 6.0000,609,6,6,0,34,65.64918636516393,4206.940525797865,494.28129642947243,0.11749186692762427,844.8684280076986,1031.7667356498341,6992.60447869101,21163.454696632456,33265.9298426474,608603.3624945225,9.58847993870217,16.899698220593052,1.0965649604797363,0.8441981379809906,0.0739132563273112,0.011615654224367705,0,34.0,1.0,0.1805424401254365,0.7268516844899597
82,2026-05-30 22:47:55,normal,0.068329955491781,"left_click_count: 6.0000, scroll_count: 41.0000, scroll_abs_total: 41.0000",568,6,6,0,41,62.1481754214162,5134.692019715157,708.3572544980393,0.137955159097806,1108.473446382025,1461.5295964585616,9053.20174978127,25148.202653998247,38504.910818983095,608603.3624945225,8.121185313679922,17.001483053872853,1.6174068927764893,1.1823438751963053,0.07405277093251546,0.011697307700541977,0,41.0,1.0,0.17019161581993103,0.4799185202329837
83,2026-05-30 22:47:59,normal,0.08148615650101598,"scroll_count: 45.0000, scroll_abs_total: 45.0000",496,3,3,0,45,54.74346922021817,4855.633423199932,1178.8965179353106,0.24278943964398386,1214.964734894081,1577.2836604556742,9053.20174978127,25785.333257019633,30548.01357116161,204215.92427557605,11.95401957491774,25.10075644315996,3.0436208248138428,0.2733149528503418,0.07946006457010905,0.01236877077041207,0,45.0,1.0,0.21417505090886896,0.4988231608072264
84,2026-05-30 22:48:03,normal,0.11789860388580253,,273,1,1,0,15,29.022716898817734,3579.6785599016357,353.9519741433857,0.09887814456533543,1637.5749866316498,2091.7784415880915,9053.20174978127,32169.931053721873,40663.77198448655,244148.22446796444,13.109104176966808,29.24110567178409,0.0,0.0,0.08122372627258301,0.0,0.0,15.0,1.0,0.2205038070678711,0.3793346589564799
85,2026-05-30 22:48:07,anomaly,-0.034785176118308114,"click_count: 21.0000, left_click_count: 21.0000, straightness: 0.9693, double_click_count: 20.0000",129,21,21,0,1,17.269055156706283,1295.023796133049,1255.2947860960787,0.9693217914947961,1260.1504347133027,2034.3305757194503,7162.362196378625,25012.358114359115,38382.12285909816,244148.22446796444,4.0738826825415675,12.827945937595791,0.15795159339904785,0.01985328731333886,0.06858542987278529,0.013269622440940185,20,1.0,1.0,0.0,0.0
86,2026-05-30 22:48:11,anomaly,-0.015646887903508433,"click_count: 30.0000, left_click_count: 30.0000, double_click_count: 29.0000",284,30,30,0,0,56.58083178620796,1846.3917364112915,1231.0328996415976,0.6667235751576067,827.1449377550935,1467.5331198950262,7162.362196378625,45531.74761242287,375704.9763474355,6134074.806725081,10.077497044272341,16.900414794111775,0.156348442209178,0.019837265680793456,0.06544059117635091,0.01634581222634107,29,0.0,0.0,0.0,0.0
87,2026-05-30 22:48:15,anomaly,-0.022141557533761458,"click_count: 26.0000, left_click_count: 26.0000, double_click_count: 24.0000",359,26,26,0,0,41.49741131495427,1458.0467821821278,629.5792245619291,0.4317963128862672,516.081912182632,577.5792249885172,4752.601551503366,35594.85467510378,333724.3919953854,6134074.806725081,11.793750090508814,18.682252748884597,0.392968111038208,1.1578667607161497,0.06576038323915921,0.017097399178373798,24,0.0,0.0,0.0,0.0
88,2026-05-30 22:48:19,normal,0.14278957917941892,,365,2,2,0,2,58.84863707766403,3227.5071429398245,336.3004608976919,0.10419820809176195,1107.3119566230364,1282.0455011588506,6429.858309861789,23629.129418839417,25731.819898767822,150004.56600380552,11.43687857720307,18.935303706260736,2.1442582607269287,0.0,0.06369972229003906,0.01632976531982422,0,2.0,1.0,0.05568695068359375,0.0
89,2026-05-30 22:48:23,anomaly,-0.018842728754889904,"click_count: 22.0000, right_click_count: 20.0000, double_click_count: 19.0000",667,22,2,20,2,71.2005415194689,4220.216702837961,257.70137756713683,0.06106354145128161,787.7376525563477,1030.1937321647163,6429.858309861789,19593.80288381643,21419.45414021674,150004.56600380552,11.860798490026943,18.649560146632584,0.4232200100308373,0.8049292132312196,0.06743670645214263,0.022374927738406474,19,2.0,1.0,0.05568695068359375,0.0
90,2026-05-30 22:48:28,anomaly,-0.053532097140256196,"move_count: 800.0000, click_count: 40.0000, right_click_count: 39.0000, double_click_count: 38.0000",800,40,1,39,2,88.98320120346743,3688.6226811414012,234.6763729053268,0.06362168028330535,573.355513028879,768.2631677029774,5398.900678154144,18893.14626136953,42945.98417934437,784968.0173683813,15.411962955529374,22.759154776128966,0.18294555712968874,0.11616565096734689,0.0706235110759735,0.019579650147420746,38,2.0,1.0,0.05568695068359375,0.0
91,2026-05-30 22:48:32,anomaly,-0.06469903381716202,"move_count: 835.0000, click_count: 40.0000, right_click_count: 39.0000, double_click_count: 38.0000",835,40,1,39,0,92.16781443303722,2737.932466395772,233.21449354617735,0.08517905259116273,404.7002379790613,423.5242097100689,2878.3490860410025,15767.017371409942,40486.45337110343,784968.0173683813,17.16265291923036,23.77056974357664,0.18294555712968874,0.11616565096734689,0.0706235110759735,0.019579650147420746,38,0.0,0.0,0.0,0.0
92,2026-05-30 22:48:36,normal,0.020116992908505993,"click_count: 7.0000, right_click_count: 6.0000, double_click_count: 5.0000",513,7,1,6,6,53.30043206565147,4364.031390624838,358.235955761004,0.08208830865208604,1058.2723947833442,1422.4245801901197,6089.275356904457,19628.966856614512,23177.630635451675,197919.096094296,15.100967606795068,24.189628635563707,0.2799649238586426,0.261915540248736,0.06525485856192452,0.016781350074213254,5,6.0,1.0,0.03198151588439942,0.008930582429569704
93,2026-05-30 22:48:40,normal,0.09430103269730966,path_length: 6654.5113,448,2,2,0,11,71.36852476702526,6654.511338518149,1172.4644983964333,0.17619092353331567,1857.53957410216,1799.6805403121357,6400.49902064701,28108.534346654116,28047.73462714177,197919.096094296,11.80055690382144,25.49491559193352,2.5487051010131836,0.0,0.054108262062072754,0.009393572807312012,0,11.0,1.0,0.2759817838668823,0.6910075165859044
94,2026-05-30 22:48:44,normal,0.012863030173749235,"path_length: 6758.6875, acceleration_mean: 83750.4408, acceleration_std: 1171155.5024, acceleration_max: 26223240.5252",508,2,2,0,33,54.54253463185485,6758.687457730349,789.6150961069577,0.11682965088196581,1687.9409065777566,1857.5821654774875,15096.555345965673,83750.44080674142,1171155.5024314942,26223240.525186542,15.428825738714718,32.95350737479242,2.5487051010131836,0.0,0.054108262062072754,0.009393572807312012,0,33.0,1.0,0.29926419258117676,0.8756522240920156
95,2026-05-30 22:48:48,anomaly,-0.01078741681540063,"acceleration_mean: 108688.3900, acceleration_std: 1415482.2612, acceleration_max: 26223240.5252, click_interval_mean: 9.3039",348,2,2,0,22,37.4274573054621,3947.5515463374973,131.0267148332736,0.03319189459472391,1453.521607679106,2088.6703147803455,15096.555345965673,108688.38995477979,1415482.261236907,26223240.525186542,18.400814003917745,36.7492878233182,9.303875923156738,0.0,0.06780028343200684,0.00429844856262207,0,22.0,1.0,0.10668601308550153,0.18060126809763155
96,2026-05-30 22:48:52,normal,0.008066292336340763,"acceleration_mean: 129618.4314, acceleration_std: 1578394.2610, acceleration_max: 26223240.5252",280,1,1,0,27,31.792575926353393,3111.153314343886,676.6306230137682,0.2174854642791731,1433.4618974627126,2099.891373676997,15096.555345965673,129618.43144171538,1578394.2609795686,26223240.525186542,22.90134531084131,41.22849590457699,0.0,0.0,0.0720987319946289,0.0,0.0,27.0,1.0,0.2981541340167706,0.9207851283753027
97,2026-05-30 22:49:00,normal,0.057446447244808796,"scroll_interval_mean: 1.5893, scroll_interval_std: 3.4857",50,0,0,0,7,5.700012366798529,88.30818634429325,13.92838827718412,0.15772476883264872,216.07373281636998,154.0624490334441,591.2901593354524,13024.682525685559,9853.838607931084,44597.30562251113,27.10520481461726,25.890242344588696,0.0,0.0,0.0,0.0,0.0,7.0,1.0,1.589271903038025,3.4857262291640327
98,2026-05-30 22:49:04,normal,0.146157557753261,,318,2,2,0,5,47.97726369988118,2507.746389306646,511.4782497819433,0.2039593205927651,984.6276515885378,1229.2510296975515,5814.432826066306,22239.317680337717,24768.01097494298,164218.78309900805,12.6920399644589,20.264124120608578,1.2244665622711182,0.0,0.06797182559967041,0.020215392112731934,0,5.0,1.0,0.026080071926116943,0.008842944962882262
99,2026-05-30 22:49:08,normal,0.07880809468799593,scroll_interval_std: 3.2519,471,3,3,0,7,49.75401051694103,4351.48710979985,466.4354188952636,0.10718988868077277,1146.7572225714473,1422.9902116301705,6408.91829221522,24473.6855260162,28063.530548041468,180073.62708761124,10.98981076664107,17.94774138419342,1.9759082794189453,0.7514417171478271,0.06673216819763184,0.016598641102909432,0,7.0,1.0,1.4974071582158406,3.2518772717192572
100,2026-05-30 22:49:12,normal,0.13561345852012985,,512,3,3,0,4,59.04946536665929,4515.669980131218,578.6752111504345,0.12814825124435225,1094.161650680797,1378.5892562002964,6408.91829221522,23212.699618744235,27513.554377491793,180073.62708761124,11.486835968244039,18.83463858235546,1.9759082794189453,0.7514417171478271,0.06673216819763184,0.016598641102909432,0,4.0,1.0,0.273285706837972,0.2940465125483153
101,2026-05-30 22:49:16,normal,0.07303233124295877,click_interval_mean: 9.5769,197,2,2,0,4,20.59876722042399,2071.2436301241837,933.2148734348376,0.4505577518077319,1313.6094262972274,1777.7886557640106,7785.269818426985,26263.135388137678,37399.001243228035,210334.10068443182,14.601784019734234,22.046823181554018,9.57694959640503,0.0,0.05972743034362793,0.004525423049926758,0,4.0,1.0,0.273285706837972,0.2940465125483153
102,2026-05-30 22:49:20,normal,0.12547474533892122,,223,2,2,0,4,23.100222503897943,2373.3260715405963,509.65969038172915,0.2147449086298091,1317.2829272563142,1735.1419662095059,7785.269818426985,31088.544187305422,65739.43053699328,797982.2518279012,14.163262169448117,21.513764857187162,0.8947830200195312,0.0,0.05959188938140869,0.0043898820877075195,0,4.0,1.0,0.273285706837972,0.2940465125483153
103,2026-05-30 22:49:37,normal,0.12157939951620528,,195,1,1,0,7,71.22556181493914,2486.333577217364,152.89865924853626,0.06149563383190771,1596.5924445019916,2049.823219395034,9292.038894396326,29555.010005158274,55857.27692718508,707056.8628565763,9.120304711366789,18.754933655710698,0.0,0.0,0.07969069480895996,0.0,0.0,7.0,1.0,0.15992228190104166,0.18537793650146253
104,2026-05-30 22:49:57,normal,0.13433926434558296,,231,1,1,0,4,63.84959693599028,1346.924247564285,621.3509475328738,0.4613109821554522,726.930654201668,617.5075052443185,2921.120587304389,14738.910536715297,12683.361245366836,64563.056895571586,11.541520795892511,19.641303713584986,0.0,0.0,0.07192111015319824,0.0,0.0,4.0,1.0,0.21593244870503744,0.20461097026122912
105,2026-05-30 22:50:01,normal,0.13513080779713404,,237,1,1,0,4,63.29032874628419,1350.924247564285,622.2611991760373,0.46061886911717925,709.7592211635126,618.868529005693,2921.120587304389,14460.616461769408,12668.073283512926,64563.056895571586,11.847077683601254,20.27019865667933,0.0,0.0,0.07192111015319824,0.0,0.0,4.0,1.0,0.21593244870503744,0.20461097026122912
106,2026-05-30 22:50:05,normal,0.1274695712636172,,146,1,1,0,0,14.811197993745319,778.5012314415803,275.5249534978638,0.3539171710591437,662.415288974696,630.5932354849485,2921.120587304389,14805.09661463542,13177.739255231048,64563.056895571586,13.122257378340963,23.876624465259983,0.0,0.0,0.07192111015319824,0.0,0.0,0.0,0.0,0.0,0.0
107,2026-05-30 22:50:09,normal,0.10463523279462095,,90,0,0,0,4,12.278126832892292,205.65038504943763,154.65122049308243,0.752010361934916,275.7574146684279,243.22521630735474,912.9367067016125,13870.969535559061,26745.89852094407,232203.38487100048,18.873092490611377,24.942817685627414,0.0,0.0,0.0,0.0,0.0,4.0,1.0,0.9945485591888428,1.2319426598287102
108,2026-05-30 22:50:13,normal,0.10317446918327627,,149,1,1,0,4,18.81649110035297,532.3022116807888,446.3630809105968,0.8385519938028587,441.18232166477407,399.5723811616338,1735.5733020940588,15411.778422085055,22706.831500261407,232203.38487100048,15.867888793805005,20.477538696871523,0.0,0.0,0.0,0.0,0.0,4.0,1.0,0.9945485591888428,1.2319426598287102
109,2026-05-30 22:50:17,normal,0.11700823822433759,,244,1,1,0,3,24.95947768294651,970.51123336168,72.71863585079137,0.07492817532766398,494.30287966109614,427.530378570279,1735.5733020940588,14610.919393162954,12685.490230669571,58550.2868162485,16.287687358133418,23.3137570904686,0.0,0.0,0.08740544319152832,0.0,0.0,3.0,1.0,1.423935055732727,1.3127855062484741
110,2026-05-30 22:50:25,normal,0.11415581998240648,,271,4,4,0,0,28.91765461356256,2002.5657228978746,979.0857980790039,0.48891568795164814,920.7964144713088,1247.892904001481,5619.156090937848,18011.17661984598,22912.817527455656,131549.13503312803,15.317567364804852,27.926516851085896,0.8507760365804037,0.3389491699584234,0.07778102159500122,0.011981943830805671,0,0.0,0.0,0.0,0.0
111,2026-05-30 22:50:29,normal,0.10880513459969055,,548,5,5,0,4,70.74873483900272,5877.05676344095,188.06647760831805,0.03200011250158613,1340.4752097434778,1386.7734182769195,6148.017662260475,22644.610592227396,26006.35190981631,181270.08601491415,10.147822212783865,21.508049574605423,1.0981019735336304,0.5193026690967442,0.07657537460327149,0.010984895131330726,0,4.0,1.0,0.18934973080952963,0.24069029054531316
112,2026-05-30 22:50:33,anomaly,-0.07872802547645141,"move_count: 716.0000, path_length: 7901.9512, speed_max: 57041.7663, acceleration_mean: 103625.6417, acceleration_std: 1826898.0948, acceleration_max: 48317127.8208",716,5,5,0,4,73.0572745633648,7901.95123799579,252.01785651020842,0.0318931171453456,1443.1885482678163,2585.16897733158,57041.766256337636,103625.64170263153,1826898.0947527532,48317127.82081241,10.470126151887076,20.47863013087621,2.2137398719787598,1.6537103764975272,0.08130049705505371,0.012946383537857186,0,4.0,1.0,0.18934973080952963,0.24069029054531316
113,2026-05-30 22:50:41,normal,0.11753428395077747,,191,1,1,0,0,19.314414305605748,797.0769342200772,104.66135867644753,0.13130647015755945,522.3865629438602,447.33401501204366,2045.1404445608403,16331.139984990701,15382.213928911595,68972.68877064763,14.850543634875267,21.66864430205473,0.0,0.0,0.0957179069519043,0.0,0.0,0.0,0.0,0.0,0.0
114,2026-05-30 22:50:45,normal,0.11755002307904222,,174,1,1,0,0,17.613929281719813,677.7652459626948,143.54441821262157,0.21179076246190773,485.345372280786,454.95318258539857,2045.1404445608403,16339.004047892418,15763.60100503912,68972.68877064763,16.83054860591203,25.833877045472494,0.0,0.0,0.0957179069519043,0.0,0.0,0.0,0.0,0.0,0.0
115,2026-05-30 22:50:49,normal,0.10026861430585904,,221,1,1,0,0,24.495958400362465,559.4707094944102,277.77148881769705,0.4964897788281306,311.3943717333362,262.22579067393985,1161.3830552039228,12221.147212480791,12783.90803993855,89268.25604601692,26.439382434462136,35.08949739665109,0.0,0.0,0.07936549186706543,0.0,0.0,0.0,0.0,0.0,0.0
116,2026-05-30 22:50:53,normal,0.1246121518673658,,423,2,2,0,22,56.35073591825928,2975.8391742587746,365.0164379860173,0.12266000163699572,875.7906799255663,1003.563783334453,4274.599679951559,18076.03580580928,19605.012953327947,107625.69229602707,18.34977808218534,30.0142152479711,1.1755914688110352,0.0,0.08340811729431152,0.004042625427246094,0,22.0,1.0,0.10584477015904017,0.1705715772758455
117,2026-06-03 23:29:08,normal,0.08966829584402436,,40,0,0,0,0,39.06162050204607,80.49661246992893,26.68332812825267,0.3314838638485656,250.06262897563974,192.53272008964586,974.841133694024,9766.492804348476,12386.876788886551,43627.41600529369,13.71353568118353,17.756121205878657,0.0,0.0,0.0,0.0,0.0,0.0,0.0,0.0,0.0
118,2026-06-03 23:29:12,normal,0.09927240731340925,right_click_count: 2.0000,318,5,3,2,14,66.57707899749802,2630.272339646248,829.6125601749288,0.31540937707100913,1031.0127528315409,1588.4384439886878,7754.047278457995,21708.73398713041,27185.148929754854,161637.74658897443,12.874539485386654,21.978657771222156,0.9173151850700378,0.8219363145389886,0.053866338729858396,0.020772717420866026,0,14.0,1.0,0.08374450756953312,0.16440294653209098
119,2026-06-03 23:29:16,normal,0.02724751677970738,right_click_count: 2.0000,674,6,4,2,26,76.52146504945699,5004.496647530012,140.92906016858268,0.0281604864773241,927.7783856598488,1286.2240949258364,7754.047278457995,24304.450971829512,52455.11829418622,1128577.7417638937,11.683183158880865,19.071403194708548,1.3082094669342041,1.0731527395961664,0.16528240839640299,0.24985453979714056,0,26.0,1.0,0.22461451530456544,0.5123091345177214
120,2026-06-03 23:29:21,normal,0.07325415510764793,,563,3,3,0,23,59.2467498405629,4205.0792852084205,915.7581558468371,0.21777429002779158,925.300915625301,1274.7650152328977,7754.047278457995,25418.11834087523,56437.6422732032,1128577.7417638937,11.440876518943494,17.532446151785155,2.4197622537612915,0.45202434062957764,0.29964033762613934,0.2989750915696813,0,23.0,1.0,0.22324422272768887,0.5357698751282693
121,2026-06-03 23:29:25,normal,0.04030459008404541,click_hold_std: 0.3132,354,2,2,0,32,39.03008467286763,1882.7065778985097,1083.8745314841567,0.5757001883394836,639.9328148932391,895.405012645843,4613.564366925741,19146.02622572882,22250.501866081795,141811.56306206327,14.752836726308068,23.13180954855467,1.9677379131317139,0.0,0.40914440155029297,0.313218355178833,0,33.0,1.03125,0.2802596092224121,1.1811844661944524
122,2026-06-03 23:29:29,normal,0.0823961394844056,double_click_count: 1.0000,445,4,4,0,29,58.43236820786841,2698.011886401586,780.5600553448786,0.2893093463668663,743.7486775853655,1268.1311465639808,8858.792687344778,20729.92930075908,27902.134553647826,208110.26719764923,15.17492186313206,24.43293415122327,0.8537979125976562,0.5737836841619196,0.06932157278060913,0.019218802481571956,1,30.0,1.0344827586206897,0.06878032854625157,0.14377170647577997
123,2026-06-03 23:29:33,normal,0.07190220733330521,double_click_count: 1.0000,653,5,5,0,19,68.3731603284533,5277.529273751418,523.8950276534413,0.09926899510706869,1003.6905442781386,1380.7510404331128,8858.792687344778,22094.304373037838,27088.85155894191,208110.26719764923,12.213594416423062,22.578286378779218,1.6039317846298218,1.3910511367551255,0.07320680618286132,0.01886451826632331,1,20.0,1.0526315789473684,0.079956849416097,0.16159745325129893
124,2026-06-03 23:29:37,normal,0.10027063707663603,,604,4,3,1,0,61.6936843259916,5116.231823852772,488.0860579856794,0.09539951956636061,1057.495887479012,1177.7681248093152,6412.75641163983,22335.60433058687,23359.031627239132,146371.3623764276,12.342491779925906,22.827500130625225,2.8314855893452964,1.6795067526041623,0.07388859987258911,0.02136173558353547,0,0.0,0.0,0.0,0.0
125,2026-06-03 23:29:41,normal,0.07776372234313461,path_length: 6440.5298,674,4,3,1,0,68.91742705314347,6440.529785109874,1093.3732208171189,0.16976448480137976,1181.8248694190313,1644.1862717297417,11992.49166284489,32101.711361603397,182203.6761966291,4578045.7682867,12.285243652356955,22.375069868563184,2.288020928700765,1.5164720008544676,0.0700417160987854,0.018388899428304916,0,0.0,0.0,0.0,0.0
126,2026-06-03 23:29:45,normal,0.04537083293847366,click_interval_std: 2.3382,327,4,3,1,0,35.03926684989301,3550.686199197401,1106.1663527697813,0.3115359371999192,1335.027227074588,1925.2309470220475,11992.49166284489,44784.377134985836,260330.72754580757,4578045.7682867,10.371578405475557,16.49738145471378,2.917121728261312,2.338234408669107,0.06394392251968384,0.014885225542526461,0,0.0,0.0,0.0,0.0
127,2026-06-03 23:29:50,normal,0.08938295650633366,click_interval_mean: 4.7920,284,3,3,0,0,29.00062297728783,1788.2253873361033,144.00694427700353,0.08053064524015557,781.4007562535454,712.5435326295016,3165.3058454016677,15042.643115617031,15278.828663780054,90088.39157150642,11.957566602437362,19.295901976693944,4.791989803314209,1.271836280822754,0.07195472717285156,0.006235944938981345,0,0.0,0.0,0.0,0.0
128,2026-06-03 23:29:54,normal,0.11092533707351276,,409,3,3,0,0,44.715824073732975,2385.886792430043,229.61271741782946,0.09623789282305689,722.2580361390009,657.716445617585,3165.3058454016677,14899.487670001288,15114.31483980714,90088.39157150642,11.223983184544151,19.540659194621885,3.176257371902466,0.34389615058898926,0.07501951853434245,0.010233491194189474,0,0.0,0.0,0.0,0.0
129,2026-06-03 23:29:58,normal,0.11243928661829866,,432,3,3,0,0,44.18708728056937,2455.0490700902114,295.9189078109069,0.12053482409621787,702.851519929827,647.6902185151025,3165.3058454016677,14878.844851623138,14918.838172837626,90088.39157150642,10.686891641828927,19.154799584012352,3.176257371902466,0.34389615058898926,0.07501951853434245,0.010233491194189474,0,0.0,0.0,0.0,0.0
130,2026-06-03 23:30:06,normal,0.08066682564302535,straightness: 0.9844,57,1,1,0,0,38.20826616962434,297.941661990431,293.28825411188905,0.9843814797586401,661.3335408167992,575.4146258655157,1806.0046283996232,16763.753249610123,14573.449806134326,51848.534863638,8.371989714948574,17.011392768445276,0.0,0.0,0.08805060386657715,0.0,0.0,0.0,0.0,0.0,0.0
131,2026-06-03 23:30:10,normal,0.11024671126933705,,241,3,3,0,0,42.17983966912545,951.4666219428287,339.8602654032978,0.357196203803058,489.9347582862204,405.8335655280074,1806.0046283996232,14623.093144822948,12209.342437070878,61642.90591604816,10.256094480454264,18.730118325815276,2.159910798072815,1.0161243677139282,0.08012739817301433,0.006393607470301155,0,0.0,0.0,0.0,0.0
132,2026-06-03 23:30:14,anomaly,-0.028534742398145685,"speed_max: 34587.4026, acceleration_mean: 106114.4532, acceleration_std: 1410895.1533, acceleration_max: 25039336.1686",327,5,4,1,0,34.028123676306336,1389.8577158660844,21.93171219946131,0.015779825480764877,595.3239177660455,1940.2023669561534,34587.40259972824,106114.45319231146,1410895.153343344,25039336.168563932,8.96221853390051,17.173062049618025,1.9121212363243103,1.0694638408378816,0.08472609519958496,0.010775921554967169,0,0.0,0.0,0.0,0.0
133,2026-06-03 23:30:18,anomaly,-0.024554139134515984,"speed_max: 34587.4026, acceleration_mean: 116522.5699, acceleration_std: 1473017.9105, acceleration_max: 25039336.1686",300,5,4,1,0,31.17637009428985,1677.8325932051175,538.9888681596309,0.32124114786089314,770.4861800655626,2059.000306303757,34587.40259972824,116522.56994401908,1473017.9104632116,25039336.168563932,9.736119263907684,16.312161620047075,2.0359973907470703,1.2259389894973403,0.07665352821350098,0.017975294114918838,0,0.0,0.0,0.0,0.0
134,2026-06-03 23:30:22,anomaly,-0.025062496662256795,"speed_max: 34587.4026, acceleration_mean: 170405.6990, acceleration_std: 1637588.9114, acceleration_max: 25039336.1686",323,4,3,1,0,33.971315670017624,2016.6838499540063,873.5862865224019,0.4331795916064511,873.2411706040209,2462.1973995588837,34587.40259972824,170405.69901514304,1637588.9113572075,25039336.168563932,9.873022011210738,17.116955636732918,2.3334010442097983,1.2845645730185902,0.07771867513656616,0.019955357884756632,0,0.0,0.0,0.0,0.0
135,2026-06-03 23:30:35,normal,0.06841933522536786,right_click_count: 2.0000,130,3,1,2,0,59.647975880869126,733.310849788809,480.6516410041684,0.6554541517319625,703.6670951905232,511.2994518528817,2136.936733898762,16676.13238437828,15598.39938256357,108473.40802871106,8.405894982463005,12.392291725352823,0.7480102777481079,0.18005096912384033,0.06668861707051595,0.013323806873231724,0,0.0,0.0,0.0,0.0
136,2026-06-03 23:30:39,normal,0.09316047538366284,right_click_count: 2.0000,354,4,2,2,0,56.28449801476357,3099.2061186492356,791.1535881230648,0.25527620875628715,1092.7020739152151,976.7605976219634,4594.307490359244,19071.271145034665,17735.098412345422,108473.40802871106,7.6849900107476286,13.692343689786826,1.5518402258555095,1.1462536391524865,0.07030344009399414,0.013127974278981,0,0.0,0.0,0.0,0.0
137,2026-06-03 23:30:43,normal,0.10483538764945188,right_click_count: 2.0000,571,5,3,2,2,58.34783507959955,5646.79989982486,610.0098359862733,0.10802752830062089,1234.3198007791543,1395.9275760345595,6806.002587459967,20287.261884303345,21224.46543692024,121557.21980955139,8.885955887196562,17.26523872955913,1.4521278142929077,1.0075965209406132,0.06885161399841308,0.012095708453121292,0,2.0,1.0,0.055965423583984375,0.0
138,2026-06-03 23:30:47,normal,0.031433239894019915,"path_length: 6998.4900, scroll_interval_mean: 1.5581, scroll_interval_std: 2.6155",577,4,4,0,5,61.35278482693849,6998.4900058261765,485.45339632141827,0.06936544824916274,1516.5062772952672,1578.79095190319,6806.002587459967,25437.199237939436,31834.518549945326,478863.60976866056,7.236712287539963,14.900800660318337,2.6081227461496987,1.2775103467955005,0.07204931974411011,0.008466206840257387,0,5.0,1.0,1.5581088662147522,2.6155094174026474
139,2026-06-03 23:30:51,normal,0.1261535818089371,,595,4,4,0,3,60.651285230684074,6016.639504090816,501.54660800368293,0.08335992336962732,1261.647278789583,1529.587003651705,6806.002587459967,22653.213405024395,31496.401708530633,478863.60976866056,10.929010779928767,21.682873436845345,2.362830877304077,0.06987275319018278,0.07824194431304932,0.01225487014622624,0,3.0,1.0,0.044088125228881836,0.003877401351928711
140,2026-06-03 23:30:55,normal,0.11439438312005978,,531,5,5,0,3,55.19860565846693,4860.655997979897,1418.1272862476062,0.2917563569273333,1141.3417774010447,1397.2982527797583,6496.3785184643275,22189.093413186554,27625.271673170602,256878.38224681342,12.823596429829767,22.241010104963237,2.3841527104377747,0.8314617888838512,0.07844491004943847,0.011078705993171654,0,3.0,1.0,0.044088125228881836,0.003877401351928711
141,2026-06-04 20:08:57,normal,0.021568322433404896,"event_rate: 131.9536, straightness: 0.9989",19,0,0,0,0,131.95357139309002,82.09901951359278,82.00609733428362,0.9988681694390543,570.5668613978006,241.7479637371733,1151.3324183365357,20401.549676686427,11247.932161295781,40536.73517237965,0.6652901455305997,2.6611605821223994,0.0,0.0,0.0,0.0,0.0,0.0,0.0,0.0,0.0
142,2026-06-04 20:09:01,normal,0.11960534603608614,,150,1,1,0,0,36.25698985882428,1179.0467763856582,588.7384818406217,0.49933428735150487,994.4839116344963,1161.2190835867125,4924.107473541504,43926.69413856666,236907.97643311814,2873059.3493409804,13.253783433194373,21.992926404992875,0.0,0.0,0.12054181098937988,0.0,0.0,0.0,0.0,0.0,0.0
143,2026-06-04 20:09:05,normal,0.007482896560562335,"acceleration_mean: 126554.0119, acceleration_std: 1328032.2244, acceleration_max: 20738869.4215, click_interval_mean: 4.5927",252,2,2,0,0,31.837451191221948,1878.092900477339,30.805843601498726,0.01640272618764975,989.8334226862407,1455.1124061998535,16066.092702695178,126554.01194849856,1328032.2243804727,20738869.42148887,13.20239582127397,21.592849716518067,4.592650413513184,0.0,0.15628266334533691,0.03574085235595703,0,0.0,0.0,0.0,0.0
144,2026-06-04 20:09:09,normal,0.029550465297678408,"acceleration_mean: 93716.9909, acceleration_std: 1151682.4342, acceleration_max: 20738869.4215",329,3,3,0,0,34.63602383335132,3057.618509800408,1053.721974716291,0.3446217935098368,1202.2031253551536,1392.5526314752822,16066.092702695178,93716.99087721866,1151682.4342427754,20738869.42148887,11.240151458336209,18.25936180176334,3.8523253202438354,0.7403250932693481,0.19465295473734537,0.061613019791021635,0,0.0,0.0,0.0,0.0
145,2026-06-04 20:09:13,normal,0.09550383490201642,,388,4,4,0,0,39.91858988303125,3152.619253693243,346.96541614403014,0.11005623839211338,1012.4180142856428,1084.836401093749,6914.117337734846,23632.9697195752,52634.65712158,854333.9399253464,12.377741112470035,19.17948288825446,2.149106025695801,0.7743025538476439,0.27190840244293213,0.17115181314072278,0,0.0,0.0,0.0,0.0
146,2026-06-04 20:09:33,normal,0.1096860370150688,,77,1,1,0,0,83.32317851682492,394.8830864358826,280.8558349046713,0.7112379449816574,645.271133315142,747.573810506181,3088.35880921582,21944.296445719785,28053.756710989746,155226.18056788296,12.036777549793298,18.211888803022465,0.0,0.0,0.0,0.0,0.0,0.0,0.0,0.0,0.0
147,2026-06-04 20:09:37,normal,0.08027399996324575,click_hold_mean: 2.5351,211,1,1,0,0,47.88775124758447,2200.6554031836004,166.97904060090895,0.0758769593637182,1241.6520454739039,1686.533812819955,9512.851779103798,31616.58853591065,69853.53877461862,853316.4358869451,8.165623025142182,16.887853213958323,0.0,0.0,2.5351181030273438,0.0,0.0,0.0,0.0,0.0,0.0
148,2026-06-04 20:09:41,normal,0.034918134645772925,"click_hold_mean: 1.6903, click_hold_std: 1.1504",424,3,3,0,0,48.9533684168155,3482.456509246716,1125.0048888782662,0.3230492285807796,991.6934965784815,1337.4098035504899,9512.851779103798,24575.155978822393,51403.32395315412,853316.4358869451,11.469518606677806,19.762539075231313,3.903692126274109,0.7920094728469849,1.690344254175822,1.1503529421882293,0,0.0,0.0,0.0,0.0
149,2026-06-04 20:09:45,normal,0.024121362125153645,"click_hold_mean: 1.2680, click_hold_std: 1.2040",357,2,2,0,0,36.374648968757946,2368.9228829471017,132.74034804836094,0.05603405201743963,820.94254959516,1074.6675208503086,5764.348958628261,18628.418569453337,20737.47135385468,109719.44497748221,12.708776108219878,21.194007997414367,3.111682653427124,0.0,1.267957329750061,1.2040497064590454,0,0.0,0.0,0.0,0.0
150,2026-06-04 20:09:53,normal,0.08354450150746878,,45,0,0,0,0,5.031089173850436,73.06129110291835,28.844410203711913,0.3947974333368954,183.81981666356808,168.7397762895221,578.2569124051593,11191.77440444978,11230.807521546987,37276.30276665874,17.81829549071738,22.739597400989243,0.0,0.0,0.0,0.0,0.0,0.0,0.0,0.0,0.0
151,2026-06-04 20:09:57,normal,0.07472464211487173,straightness: 0.9243,30,0,0,0,0,6.198997029456108,63.24877068248754,58.463663928973865,0.9243446678586816,256.6002918858463,194.98462759069213,704.4664019184875,17014.054409036435,14455.279632513464,59106.543889579974,14.975284875709818,27.364027180061164,0.0,0.0,0.0,0.0,0.0,0.0,0.0,0.0,0.0
152,2026-06-04 20:10:01,normal,0.07800517318862527,,61,0,0,0,0,11.519280724983949,94.89632971689448,40.049968789001575,0.4220391758931372,209.40723968561244,235.32230425276325,1141.6178551986936,24442.420681939442,78503.403764791,601854.7525764178,19.67359776774132,29.405678705653454,0.0,0.0,0.0,0.0,0.0,0.0,0.0,0.0,0.0
153,2026-06-04 20:10:14,normal,0.11872395200002511,,165,2,2,0,0,55.597246795071655,895.8381561788569,273.3386178350948,0.3051205353888966,680.240361156694,500.730063628826,2128.573827397502,15574.870538330591,13956.83742254131,95333.59050960123,9.397090689744777,14.813323496410497,0.7840120792388916,0.0,0.04936504364013672,0.008280515670776367,0,0.0,0.0,0.0,0.0
154,2026-06-04 20:10:18,anomaly,-0.0738161443204004,"speed_max: 40988.9733, acceleration_mean: 171185.2718, acceleration_std: 2735620.2624, acceleration_max: 53285112.9634",384,5,5,0,4,56.02459166840541,2961.7323541443902,1417.3612806902834,0.47855819203479055,1046.1033958998582,2299.635855198808,40988.97328829856,171185.2717900935,2735620.262377083,53285112.963382624,8.49773416939372,14.337768055434186,1.3560309410095215,0.4679418285671924,0.06917009353637696,0.01991846809745732,0,4.0,1.0,0.02918688456217448,0.007585547554874909
155,2026-06-04 20:10:22,anomaly,-0.07875296294314404,"left_click_count: 6.0000, speed_max: 40988.9733, acceleration_mean: 222275.5202, acceleration_std: 2797221.0487, acceleration_max: 53285112.9634",426,6,6,0,4,44.99132765042734,3689.450817987255,908.9180381090475,0.24635591662525513,1196.7305979299083,2434.5430710071073,40988.97328829856,222275.520177871,2797221.048692037,53285112.963382624,9.360550464840916,17.263972632370294,1.6431898593902587,0.710645214970611,0.06967254479726155,0.01821766804887525,0,4.0,1.0,0.02918688456217448,0.007585547554874909
156,2026-06-04 20:10:26,normal,0.019160244932716175,"acceleration_mean: 107049.2776, acceleration_std: 1224958.1155, acceleration_max: 20633486.1399",312,4,4,0,0,32.024192011926125,2150.5362826656583,181.11046352985792,0.08421641847649543,914.7845202777887,1401.4493111306947,17653.683921617496,107049.27758012923,1224958.1154982867,20633486.139926363,10.201077423034338,18.39658712899742,3.1602652072906494,1.5704683641911656,0.07781153917312622,0.011722518235148074,0,0.0,0.0,0.0,0.0
157,2026-06-04 20:10:30,normal,0.0975390278569096,click_interval_mean: 4.1003,235,3,3,0,0,24.137684631412476,1187.7868746135202,621.9332761639306,0.5236067929832059,623.1765116450213,768.7581232395513,3860.216057888317,16595.0936781073,19347.45633689267,130332.4010653764,12.731990438359421,21.037299471494705,4.100341558456421,1.140915870666504,0.07154528299967448,0.006335955816961096,0,0.0,0.0,0.0,0.0
158,2026-06-04 20:10:34,normal,0.09485473206415185,,214,4,4,0,0,24.4928414764083,761.7844688142045,207.53072061745462,0.2724270828735816,439.46460796177024,473.1132300367933,2801.7963992434024,14384.220817390273,14944.721002545073,115046.46166051898,10.722534993034929,17.97138099579831,2.189009745915731,0.5676815225151195,0.06180459260940552,0.011345391052413317,0,0.0,0.0,0.0,0.0
159,2026-06-04 20:10:38,normal,0.06860918448895681,,175,5,5,0,0,18.51404254998309,613.8406730833091,113.22543883774529,0.18445411619438026,439.1230881214065,372.94968785264643,2578.049853600277,20767.908241232406,71755.05636343833,918149.4190367688,7.55158787741049,13.75706458472393,1.823903203010559,0.3961056777382277,0.06717457771301269,0.014697437968944871,0,0.0,0.0,0.0,0.0
160,2026-06-04 20:10:42,normal,0.07154329420879058,displacement: 1575.2768,298,4,4,0,0,30.62351867636688,2479.0711387146393,1575.276801073386,0.6354302530786361,1037.0215257364237,1371.6374262283164,5427.03518793196,23333.190177784174,58370.404989833056,918149.4190367688,7.186740369266246,15.70151558366246,2.7013575236002603,1.2857981449407068,0.06985294818878174,0.015347422560396272,0,0.0,0.0,0.0,0.0
161,2026-06-04 20:19:27,normal,0.12912995776837566,,252,2,2,0,0,64.11596673790585,1598.1170036514243,945.1312078224906,0.5914030109579131,788.0366130087328,997.9861986213723,4150.732900063342,17808.402248813105,20761.20839260059,139854.221241304,17.40473266318315,26.48631071852856,0.9999401569366455,0.0,0.06405699253082275,2.467632293701172e-05,0,0.0,0.0,0.0,0.0
162,2026-06-04 20:19:32,normal,0.11706858859723163,,297,2,2,0,0,59.43801565424634,1705.8920192422797,993.203403135531,0.5822193854782733,712.7415873688619,940.0234678240394,4150.732900063342,19276.779110193194,41812.6725051395,646971.2694206664,18.677227624275275,26.969050129947238,0.9999401569366455,0.0,0.06405699253082275,2.467632293701172e-05,0,0.0,0.0,0.0,0.0
163,2026-06-04 20:19:36,normal,0.08236100607564595,Average time between clicks changed (9.65),263,2,2,0,0,26.640260462521024,2304.3775341452993,211.20606051910536,0.09165427860215723,1096.5076946063245,1124.6476461877635,4150.732900063342,23529.657223625727,45454.314101062715,646971.2694206664,15.138522065142341,23.607621672450023,9.648778438568115,0.0,0.06408166885375977,0.0,0,0.0,0.0,0.0,0.0
164,2026-06-04 20:19:40,anomaly,-0.05096806472104887,"Total mouse movement distance changed (42120.26), Average mouse speed changed (13555.90), Mouse speed consistency changed (10698.69), Maximum mouse speed changed (38037.11), Average mouse acceleration changed (396392.18)",390,1,1,0,0,78.90400844398208,42120.25743019672,1157.4566946542752,0.02747981055368563,13555.904087569672,10698.693502304319,38037.108038502374,396392.1807907975,395657.33393798897,2132897.2172611086,14.439400998124633,25.572475560488765,0.0,0.0,0.13451552391052246,0.0,0.0,0.0,0.0,0.0,0.0
165,2026-06-04 20:19:44,anomaly,-0.13981380837597068,"Total mouse movement distance changed (54159.26), Average mouse speed changed (11475.66), Mouse speed consistency changed (15944.78), Maximum mouse speed changed (290504.35), Average mouse acceleration changed (876520.57), Mouse acceleration consistency changed (7974056.70), Maximum mouse acceleration changed (155921766.58)",620,1,1,0,0,68.1421176094467,54159.26476223764,529.286311933343,0.009772775059944795,11475.66327411379,15944.775636963128,290504.3452267352,876520.5705195733,7974056.697562143,155921766.5818242,15.353879492117578,25.67405217531356,0.0,0.0,0.13451552391052246,0.0,0.0,0.0,0.0,0.0,0.0
166,2026-06-04 20:19:48,anomaly,-0.14319098088299687,"Total mouse movement distance changed (43634.53), Average mouse speed changed (10857.73), Mouse speed consistency changed (16999.54), Maximum mouse speed changed (290504.35), Average mouse acceleration changed (935884.01), Mouse acceleration consistency changed (8592128.32), Maximum mouse acceleration changed (155921766.58)",534,0,0,0,0,53.441645531277416,43634.52912533555,561.8941181397079,0.012877281579588647,10857.725488233884,16999.543770407527,290504.3452267352,935884.0059989864,8592128.324376578,155921766.5818242,17.72382681038387,26.93962866190861,0.0,0.0,0.0,0.0,0.0,0.0,0.0,0.0,0.0
167,2026-06-04 20:19:52,normal,0.1133558144458009,,291,0,0,0,0,33.06962359055286,1351.0856914202334,518.9778415308307,0.38411911607567384,567.5475010299299,793.1131904579452,3464.6014988114966,15652.751804244024,42492.95129217956,655291.2034530934,19.491272873643947,28.887938751675442,0.0,0.0,0.0,0.0,0.0,0.0,0.0,0.0,0.0
168,2026-06-04 20:26:10,normal,0.08540716570940493,"Overall mouse activity rate changed, Movement straightness changed",89,0,0,0,0,126.31680220681217,1146.950426747929,1040.1389330276988,0.906873487093,1629.498409002526,889.0733911123464,2996.5275449268293,23355.955479217027,21864.61877339032,114170.70171554941,18.19709471484186,31.48940456323878,0.0,0.0,0.0,0.0,0.0,0.0,0.0,0.0,0.0
169,2026-06-04 20:26:14,normal,0.06630429913827518,"Right click frequency changed, Direction change consistency changed",274,3,1,2,0,58.236277591448506,1977.2787378352864,554.2355095083677,0.2803021642336283,898.6653283806805,850.744612751268,2996.5275449268293,15643.794419280126,17090.59172940919,114170.70171554941,39.46896552845217,53.88577038335027,1.7982816696166992,1.442519187927246,0.05730279286702474,0.010659951598785572,0,0.0,0.0,0.0,0.0
170,2026-06-04 20:26:19,normal,0.07716296576966841,"Right click frequency changed, Direction change consistency changed",357,4,2,2,0,40.882110042376986,3099.8577447767793,553.6569334886,0.17860720686989745,1082.000870142134,1014.9108357247151,4434.1720777951805,18473.98007591104,19239.139969750217,114170.70171554941,32.498046552961654,50.152214448486475,1.3661725521087646,1.3269052907269454,0.05024755001068115,0.01531519772488426,0,0.0,0.0,0.0,0.0
171,2026-06-04 20:26:23,normal,0.06434599610206226,,481,5,4,1,0,52.14504889318549,3336.6078481879067,974.9794869637002,0.29220679544142597,868.4220744894616,985.1405489419739,8318.229983887499,34940.7981276719,338149.495430881,7411826.8428165605,17.675882286839965,27.928744796298105,2.1498863697052,1.6552229194832173,0.16870756149291993,0.16952485773968795,0,0.0,0.0,0.0,0.0
172,2026-06-04 20:26:43,normal,0.08627005864032156,,88,0,0,0,0,80.87703165609156,161.65258883954186,117.04699910719626,0.7240651074470474,214.7324805517913,192.2743727379893,1119.867794589649,11129.711123881669,12594.973458761806,75237.83354951184,18.297008633188852,28.75692612283094,0.0,0.0,0.0,0.0,0.0,0.0,0.0,0.0,0.0
173,2026-06-04 20:26:47,normal,0.062003896289769656,Click hold duration consistency changed,401,2,2,0,0,72.53264996571477,2209.40131583002,426.6755207414646,0.19311816177731056,635.5105722204349,646.640060683954,2727.293061967618,21254.16213027706,28544.471840106187,225136.0709554526,11.831135094509458,20.572875080843062,1.7205326557159424,0.0,0.47149813175201416,0.4163397550582886,0,0.0,0.0,0.0,0.0
174,2026-06-04 20:26:51,anomaly,-0.08826652944339564,"Number of mouse movements changed, Total mouse movement distance changed, Average mouse speed changed, Mouse speed consistency changed, Maximum mouse speed changed, Average mouse acceleration changed, Click hold duration consistency changed",801,2,2,0,0,91.05640666837215,31020.878052089814,592.6786650454021,0.019105799134704844,4830.648556185266,6188.890582443411,28890.965355976576,173298.57511500106,356198.9279155555,7949446.521206234,13.62580043710991,22.881947489191106,1.7205326557159424,0.0,0.47149813175201416,0.4163397550582886,0,0.0,0.0,0.0,0.0
175,2026-06-04 20:26:55,anomaly,-0.09312053407609433,"Number of mouse movements changed, Total mouse movement distance changed, Average mouse speed changed, Mouse speed consistency changed, Maximum mouse speed changed, Average mouse acceleration changed, Click hold duration consistency changed",800,2,2,0,0,87.69693504162315,32148.70252384418,1152.4252687267838,0.03584671163236054,5013.421775985355,6145.465792798816,28890.965355976576,176943.47089968633,356024.3809262912,7949446.521206234,18.122113902302036,34.07543684546666,1.7205326557159424,0.0,0.47149813175201416,0.4163397550582886,0,0.0,0.0,0.0,0.0
176,2026-06-04 20:27:03,normal,0.07642583785610246,"Net mouse displacement changed, Movement straightness changed",130,1,1,0,0,33.40442789814031,1842.3377733817333,1779.1124191573729,0.9656819964624044,1780.5322506769896,1772.9834635668453,5340.044011018608,23315.119378285104,24673.328249442176,116245.92974251114,10.737096070378378,18.630875368433166,0.0,0.0,0.07153701782226562,0.0,0.0,0.0,0.0,0.0,0.0
177,2026-06-04 20:27:07,normal,0.07937496521663534,Net mouse displacement changed,291,3,3,0,0,37.84598987233831,2277.9311547241077,1725.0208694389758,0.7572752433108112,973.5273362575314,1398.066357327441,5340.044011018608,17574.900417532393,19381.453447506017,116245.92974251114,14.451908079897446,22.038035920088255,3.091833472251892,1.3798104524612427,0.06373985608418782,0.011133061689472312,0,0.0,0.0,0.0,0.0
178,2026-06-04 20:27:12,normal,0.11699466939488251,,328,4,4,0,4,35.063914545414576,1325.1059564030247,644.0186332708084,0.4860129336517247,486.0957506991036,646.5086144703588,3992.454213593038,16578.312384116354,25720.281587534482,324209.6148595243,17.7980594654405,25.986083487775904,1.623952070871989,0.1839659674535501,0.06583595275878906,0.011753402874506824,0,4.0,1.0,0.05032078425089518,0.022268505092327275
179,2026-06-04 20:27:16,normal,0.1141504527860755,,523,5,5,0,8,55.24844148606799,3253.751362089777,652.558809610291,0.20055583140537633,767.2789392604986,729.115295216768,3992.454213593038,18042.522263453968,22905.71719535537,324209.6148595243,12.810049591586859,20.89262180577147,2.2460591793060303,0.6887444216058913,0.06221098899841308,0.016420154968439155,0,8.0,1.0,0.08796412604195732,0.11620137897180481
180,2026-06-04 20:27:20,normal,0.08597490665952384,Scroll timing consistency changed,615,4,4,0,14,63.95361396448849,5129.986169352806,529.6885877569952,0.10325341438957916,1028.8750330317525,1044.4558561833896,5023.169570525139,20855.607857160132,22889.16871456873,215883.7432562622,9.770596735262679,17.637741040893104,2.613569498062134,0.43500323057107665,0.057724177837371826,0.015541734430981061,0,14.0,1.0,0.6393227944007287,1.7172103480764274
181,2026-06-04 20:27:24,normal,0.1406896207364347,,428,2,2,0,8,44.00030946949228,3223.003981123256,159.0125781188394,0.04933676131030455,921.838021030297,1102.3578026116957,5023.169570525139,19889.608402807575,24461.678467356214,215883.7432562622,11.247269451520731,20.018496049616402,2.0163049697875977,0.0,0.04356122016906738,0.0041124820709228516,0,8.0,1.0,0.31091168948582243,0.18916745071354446
182,2026-06-04 20:27:28,anomaly,-0.04958872136137038,"Total mouse movement distance changed, Average mouse speed changed, Mouse speed consistency changed, Maximum mouse speed changed, Average mouse acceleration changed",631,0,0,0,8,63.94991360477637,37607.18309860517,16.1245154965971,0.00042876158669791854,7466.829806732626,6374.784551553414,27003.054504072505,219173.16913078594,217434.35077453335,1400544.4398717354,15.78865940629205,21.961535947309823,0.0,0.0,0.0,0.0,0.0,8.0,1.0,0.31091168948582243,0.18916745071354446
183,2026-06-04 20:27:32,anomaly,-0.16527327328758612,"Number of mouse movements changed, Total mouse movement distance changed, Average mouse speed changed, Mouse speed consistency changed, Maximum mouse speed changed, Average mouse acceleration changed, Mouse acceleration consistency changed, Maximum mouse acceleration changed",851,0,0,0,0,85.37627420886211,48576.71773499332,442.7200018070112,0.009113831120131198,7577.348173336834,16498.643247074288,450674.8640982808,728009.9002165133,11751824.451726658,333425071.6488735,15.746938684263682,21.17236331387163,0.0,0.0,0.0,0.0,0.0,0.0,0.0,0.0,0.0
184,2026-06-04 20:27:36,anomaly,-0.17582592943307818,"Number of mouse movements changed, Total mouse movement distance changed, Average mouse speed changed, Mouse speed consistency changed, Maximum mouse speed changed, Average mouse acceleration changed, Mouse acceleration consistency changed, Maximum mouse acceleration changed",867,2,2,0,0,87.10297175294347,30309.2012858016,426.27925119573905,0.014064351190786091,4798.564122268058,16164.174579346,450674.8640982808,629784.7173860492,11646051.906901632,333425071.6488735,13.208620108119637,17.51957434383589,3.0243349075317383,0.0,0.46777546405792236,0.16372907161712646,0,0.0,0.0,0.0,0.0
185,2026-06-04 20:27:41,anomaly,-0.12149346195136546,"Number of mouse movements changed, Overall mouse activity rate changed, Total mouse movement distance changed, Average mouse speed changed, Mouse speed consistency changed, Maximum mouse speed changed, Average mouse acceleration changed",949,3,3,0,0,95.57353661474302,29586.24687645198,159.38946012832844,0.005387282165051772,3860.0991923099573,4893.966323611916,41141.97810819317,143832.78818069704,319084.8804709187,5596025.1299071135,13.067290776120716,20.9928299319349,2.0721012353897095,0.9522336721420288,0.33580581347147626,0.2295723196443511,0,0.0,0.0,0.0,0.0
186,2026-06-04 20:27:45,anomaly,-0.17438005033877335,"Number of mouse movements changed, Overall mouse activity rate changed, Total mouse movement distance changed, Average mouse speed changed, Mouse speed consistency changed, Maximum mouse speed changed, Average mouse acceleration changed, Mouse acceleration consistency changed, Maximum mouse acceleration changed",1134,2,2,0,0,114.07578283079289,68050.68823442646,608.1751392485556,0.008937090204781842,7533.458144192802,7168.628915375494,148528.09530779335,332065.2533613715,2500572.0926678427,81565342.86689895,15.12692437280969,20.717965899167613,1.1198675632476807,0.0,0.3516855239868164,0.2798190116882324,0,0.0,0.0,0.0,0.0
187,2026-06-04 20:27:49,anomaly,-0.16989709899734684,"Number of mouse movements changed, Overall mouse activity rate changed, Total mouse movement distance changed, Average mouse speed changed, Mouse speed consistency changed, Maximum mouse speed changed, Average mouse acceleration changed, Mouse acceleration consistency changed, Maximum mouse acceleration changed",1231,0,0,0,0,123.1090285151413,91708.2049056048,483.23286312087674,0.0052692435057285015,9418.166309339851,6828.201230269157,148528.09530779335,386238.16845175286,2399577.492315402,81565342.86689895,15.463942100490845,20.13459300489975,0.0,0.0,0.0,0.0,0.0,0.0,0.0,0.0,0.0
188,2026-06-04 20:27:53,anomaly,-0.11156479343778347,"Number of mouse movements changed, Overall mouse activity rate changed, Total mouse movement distance changed, Average mouse speed changed, Mouse speed consistency changed, Maximum mouse speed changed, Average mouse acceleration changed",1231,0,0,0,0,123.18849309198526,92664.01603800312,232.94849216082082,0.002513904556708233,9479.136456364835,5972.779121397804,39985.01542803847,324860.14304965764,397370.83774409886,7130285.142458209,14.683288044388036,21.42138751570668,0.0,0.0,0.0,0.0,0.0,0.0,0.0,0.0,0.0
189,2026-06-04 20:27:57,anomaly,-0.10915804066111467,"Number of mouse movements changed, Overall mouse activity rate changed, Total mouse movement distance changed, Average mouse speed changed, Mouse speed consistency changed, Maximum mouse speed changed, Average mouse acceleration changed",1210,0,0,0,0,121.09991029013824,90528.00790853541,389.72426149779284,0.004305013116952149,9351.994130824552,6011.356961473872,39985.01542803847,321209.2633377515,355505.21063634567,7130285.142458209,14.489626717198,21.943637002334327,0.0,0.0,0.0,0.0,0.0,0.0,0.0,0.0,0.0
190,2026-06-04 20:28:01,anomaly,-0.10794078771159155,"Number of mouse movements changed, Overall mouse activity rate changed, Total mouse movement distance changed, Average mouse speed changed, Mouse speed consistency changed, Maximum mouse speed changed, Average mouse acceleration changed",1216,0,0,0,0,121.68927875723642,81019.68555347448,1042.8652837255634,0.01287175180453216,8314.76045587268,5552.474146515893,32890.36426921071,297628.3696021524,309490.994415797,5100984.237475744,14.796825069853941,22.704540191418374,0.0,0.0,0.0,0.0,0.0,0.0,0.0,0.0,0.0
191,2026-06-04 20:28:05,anomaly,-0.17618673273663654,"Number of mouse movements changed, Overall mouse activity rate changed, Total mouse movement distance changed, Average mouse speed changed, Mouse speed consistency changed, Maximum mouse speed changed, Average mouse acceleration changed, Mouse acceleration consistency changed, Maximum mouse acceleration changed",1209,0,0,0,0,120.90812337617098,79801.57924985353,270.27578507887085,0.003386847573939045,8273.861946523893,6464.881494384471,120569.03280746554,387749.6828598978,2544502.7207595864,85425301.24885288,15.023220672255436,22.747782383928556,0.0,0.0,0.0,0.0,0.0,0.0,0.0,0.0,0.0
192,2026-06-04 20:28:33,normal,0.11794670753104519,,224,1,1,0,0,81.29030357464491,1444.0377185915254,57.48912940721924,0.0398113765776787,805.156772413233,824.6072659521477,4253.144884252615,20821.620776645595,22817.314175830084,175997.85405859596,16.825016760419945,23.628089086303,0.0,0.0,0.0,0.0,0.0,0.0,0.0,0.0,0.0
193,2026-06-04 20:28:38,normal,0.10580447596673853,Average click hold duration changed,290,1,1,0,8,54.11071431458795,1699.1626631615902,81.83520025025906,0.048162075370694835,706.1270028066479,789.4317765066983,4253.144884252615,20011.19305870941,22912.08343207736,175997.85405859596,16.552966806442594,23.009558584500045,0.0,0.0,1.8238437175750732,0.0,0.0,8.0,1.0,0.06399321556091309,0.10458294449480471
194,2026-06-04 20:29:42,normal,0.1024294263884094,,66,0,0,0,0,87.8348974391436,309.30983800364396,245.2835094334717,0.7930026119330289,588.9102339498485,507.67336247072933,1581.441974383555,17422.323550019602,14258.579638942936,62584.41081316414,12.958008955027223,19.46228902806985,0.0,0.0,0.0,0.0,0.0,0.0,0.0,0.0,0.0
